species,PFT,population_id,population_elevation,individual_id,SLA,LDMC,LeafN,Height
Dryas_octopetala,PFT_stress,Dry_1,2200.0,Dry_1_I1,13.42,318.5,20.53,4.4
Dryas_octopetala,PFT_stress,Dry_1,2200.0,Dry_1_I2,13.91,326.1,20.9,4.7
Dryas_octopetala,PFT_stress,Dry_1,2200.0,Dry_1_I3,12.89,305.3,21.08,5.1
Dryas_octopetala,PFT_stress,Dry_1,2200.0,Dry_1_I4,14.4,358.4,26.82,4.2
Dryas_octopetala,PFT_stress,Dry_1,2200.0,Dry_1_I5,13.95,351.9,20.84,5.5
Dryas_octopetala,PFT_stress,Dry_2,2314.0,Dry_2_I1,12.07,336.5,20.94,6.1
Dryas_octopetala,PFT_stress,Dry_2,2314.0,Dry_2_I2,12.33,363.2,22.26,4.6
Dryas_octopetala,PFT_stress,Dry_2,2314.0,Dry_2_I3,12.38,333.5,25.36,6.2
Dryas_octopetala,PFT_stress,Dry_2,2314.0,Dry_2_I4,11.67,329.2,23.48,5.2
Dryas_octopetala,PFT_stress,Dry_2,2314.0,Dry_2_I5,12.97,312.1,24.31,5.1
Dryas_octopetala,PFT_stress,Dry_3,2428.0,Dry_3_I1,14.23,338.9,22.94,5.0
Dryas_octopetala,PFT_stress,Dry_3,2428.0,Dry_3_I2,12.97,347.3,24.75,5.2
Dryas_octopetala,PFT_stress,Dry_3,2428.0,Dry_3_I3,13.39,335.9,22.1,6.2
Dryas_octopetala,PFT_stress,Dry_3,2428.0,Dry_3_I4,12.89,325.6,20.06,4.6
Dryas_octopetala,PFT_stress,Dry_3,2428.0,Dry_3_I5,12.9,294.7,22.45,6.2
Dryas_octopetala,PFT_stress,Dry_4,2542.0,Dry_4_I1,12.89,354.4,21.03,6.0
Dryas_octopetala,PFT_stress,Dry_4,2542.0,Dry_4_I2,13.42,325.9,25.65,4.9
Dryas_octopetala,PFT_stress,Dry_4,2542.0,Dry_4_I3,12.7,346.0,24.5,4.7
Dryas_octopetala,PFT_stress,Dry_4,2542.0,Dry_4_I4,13.09,312.2,19.21,4.3
Dryas_octopetala,PFT_stress,Dry_4,2542.0,Dry_4_I5,13.92,334.0,19.99,4.4
Dryas_octopetala,PFT_stress,Dry_5,2657.0,Dry_5_I1,13.83,313.4,21.27,5.3
Dryas_octopetala,PFT_stress,Dry_5,2657.0,Dry_5_I2,12.83,348.1,24.83,5.6
Dryas_octopetala,PFT_stress,Dry_5,2657.0,Dry_5_I3,13.79,349.1,24.0,4.7
Dryas_octopetala,PFT_stress,Dry_5,2657.0,Dry_5_I4,10.98,340.7,21.21,4.9
Dryas_octopetala,PFT_stress,Dry_5,2657.0,Dry_5_I5,11.18,375.7,23.81,4.7
Dryas_octopetala,PFT_stress,Dry_6,2771.0,Dry_6_I1,11.16,372.5,21.12,4.7
Dryas_octopetala,PFT_stress,Dry_6,2771.0,Dry_6_I2,11.27,352.8,22.39,6.2
Dryas_octopetala,PFT_stress,Dry_6,2771.0,Dry_6_I3,10.81,368.8,23.25,5.2
Dryas_octopetala,PFT_stress,Dry_6,2771.0,Dry_6_I4,11.69,359.2,20.61,5.1
Dryas_octopetala,PFT_stress,Dry_6,2771.0,Dry_6_I5,11.49,353.1,17.18,5.2
Dryas_octopetala,PFT_stress,Dry_7,2800.0,Dry_7_I1,10.84,343.1,18.72,4.6
Dryas_octopetala,PFT_stress,Dry_7,2800.0,Dry_7_I2,13.56,372.1,17.92,5.0
Dryas_octopetala,PFT_stress,Dry_7,2800.0,Dry_7_I3,13.47,364.3,20.92,5.7
Dryas_octopetala,PFT_stress,Dry_7,2800.0,Dry_7_I4,11.68,368.3,19.89,5.1
Dryas_octopetala,PFT_stress,Dry_7,2800.0,Dry_7_I5,10.48,342.3,22.98,5.3
Dryas_octopetala,PFT_stress,Dry_8,2800.0,Dry_8_I1,11.72,327.5,20.07,4.7
Dryas_octopetala,PFT_stress,Dry_8,2800.0,Dry_8_I2,11.24,311.3,24.06,5.7
Dryas_octopetala,PFT_stress,Dry_8,2800.0,Dry_8_I3,11.77,357.7,21.56,4.6
Dryas_octopetala,PFT_stress,Dry_8,2800.0,Dry_8_I4,10.09,341.7,20.04,4.5
Dryas_octopetala,PFT_stress,Dry_8,2800.0,Dry_8_I5,13.69,335.0,20.51,5.4
Sesleria_caerulea,PFT_stress,Ses_1,2029.0,Ses_1_I1,8.82,301.5,11.43,6.3
Sesleria_caerulea,PFT_stress,Ses_1,2029.0,Ses_1_I2,8.69,308.7,12.16,4.9
Sesleria_caerulea,PFT_stress,Ses_1,2029.0,Ses_1_I3,8.8,310.4,13.24,5.8
Sesleria_caerulea,PFT_stress,Ses_1,2029.0,Ses_1_I4,10.36,336.6,14.06,5.5
Sesleria_caerulea,PFT_stress,Ses_1,2029.0,Ses_1_I5,8.95,357.5,12.72,4.8
Sesleria_caerulea,PFT_stress,Ses_2,2143.0,Ses_2_I1,8.19,328.6,12.0,5.5
Sesleria_caerulea,PFT_stress,Ses_2,2143.0,Ses_2_I2,8.78,316.9,12.39,7.5
Sesleria_caerulea,PFT_stress,Ses_2,2143.0,Ses_2_I3,8.23,344.4,13.06,5.8
Sesleria_caerulea,PFT_stress,Ses_2,2143.0,Ses_2_I4,8.54,323.7,13.21,5.0
Sesleria_caerulea,PFT_stress,Ses_2,2143.0,Ses_2_I5,8.58,333.6,14.33,6.4
Sesleria_caerulea,PFT_stress,Ses_3,2257.0,Ses_3_I1,8.11,347.7,14.17,5.8
Sesleria_caerulea,PFT_stress,Ses_3,2257.0,Ses_3_I2,8.33,375.3,11.13,5.5
Sesleria_caerulea,PFT_stress,Ses_3,2257.0,Ses_3_I3,8.92,346.0,12.35,6.0
Sesleria_caerulea,PFT_stress,Ses_3,2257.0,Ses_3_I4,8.11,319.9,13.16,5.1
Sesleria_caerulea,PFT_stress,Ses_3,2257.0,Ses_3_I5,8.54,312.5,14.29,5.4
Sesleria_caerulea,PFT_stress,Ses_4,2372.0,Ses_4_I1,7.73,339.4,12.33,4.6
Sesleria_caerulea,PFT_stress,Ses_4,2372.0,Ses_4_I2,8.29,315.3,12.59,6.9
Sesleria_caerulea,PFT_stress,Ses_4,2372.0,Ses_4_I3,8.23,258.5,12.73,4.9
Sesleria_caerulea,PFT_stress,Ses_4,2372.0,Ses_4_I4,6.77,343.5,12.64,6.0
Sesleria_caerulea,PFT_stress,Ses_4,2372.0,Ses_4_I5,8.44,334.1,14.93,5.9
Sesleria_caerulea,PFT_stress,Ses_5,2486.0,Ses_5_I1,6.58,287.1,12.92,5.1
Sesleria_caerulea,PFT_stress,Ses_5,2486.0,Ses_5_I2,7.86,322.1,11.4,5.1
Sesleria_caerulea,PFT_stress,Ses_5,2486.0,Ses_5_I3,8.46,348.0,12.02,5.9
Sesleria_caerulea,PFT_stress,Ses_5,2486.0,Ses_5_I4,7.91,302.7,12.6,6.1
Sesleria_caerulea,PFT_stress,Ses_5,2486.0,Ses_5_I5,8.0,349.3,13.33,5.9
Sesleria_caerulea,PFT_stress,Ses_6,2600.0,Ses_6_I1,6.63,342.9,12.03,5.4
Sesleria_caerulea,PFT_stress,Ses_6,2600.0,Ses_6_I2,7.31,331.6,12.86,5.7
Sesleria_caerulea,PFT_stress,Ses_6,2600.0,Ses_6_I3,6.81,315.0,11.22,4.2
Sesleria_caerulea,PFT_stress,Ses_6,2600.0,Ses_6_I4,7.7,337.3,13.07,5.3
Sesleria_caerulea,PFT_stress,Ses_6,2600.0,Ses_6_I5,7.92,341.2,12.72,5.9
Sesleria_caerulea,PFT_stress,Ses_7,2715.0,Ses_7_I1,8.69,308.1,11.79,5.7
Sesleria_caerulea,PFT_stress,Ses_7,2715.0,Ses_7_I2,6.72,363.3,11.9,5.3
Sesleria_caerulea,PFT_stress,Ses_7,2715.0,Ses_7_I3,7.77,366.3,12.05,5.9
Sesleria_caerulea,PFT_stress,Ses_7,2715.0,Ses_7_I4,7.2,370.4,12.11,5.1
Sesleria_caerulea,PFT_stress,Ses_7,2715.0,Ses_7_I5,7.55,345.5,11.87,4.8
Sesleria_caerulea,PFT_stress,Ses_8,2800.0,Ses_8_I1,7.1,344.7,12.83,6.0
Sesleria_caerulea,PFT_stress,Ses_8,2800.0,Ses_8_I2,7.85,357.6,13.52,6.0
Sesleria_caerulea,PFT_stress,Ses_8,2800.0,Ses_8_I3,6.21,363.2,13.17,6.1
Sesleria_caerulea,PFT_stress,Ses_8,2800.0,Ses_8_I4,6.93,372.0,13.16,6.6
Sesleria_caerulea,PFT_stress,Ses_8,2800.0,Ses_8_I5,7.91,375.6,12.46,5.4
Festuca_rubra,PFT_grass,Fes_1,1443.0,Fes_1_I1,33.57,167.3,23.94,39.1
Festuca_rubra,PFT_grass,Fes_1,1443.0,Fes_1_I2,29.37,169.4,26.74,41.4
Festuca_rubra,PFT_grass,Fes_1,1443.0,Fes_1_I3,29.39,195.7,27.15,41.1
Festuca_rubra,PFT_grass,Fes_1,1443.0,Fes_1_I4,32.23,195.1,29.13,36.1
Festuca_rubra,PFT_grass,Fes_1,1443.0,Fes_1_I5,28.61,169.9,22.07,39.6
Festuca_rubra,PFT_grass,Fes_2,1557.0,Fes_2_I1,28.9,147.6,29.42,39.7
Festuca_rubra,PFT_grass,Fes_2,1557.0,Fes_2_I2,28.99,166.6,21.79,36.7
Festuca_rubra,PFT_grass,Fes_2,1557.0,Fes_2_I3,33.25,172.8,24.34,39.1
Festuca_rubra,PFT_grass,Fes_2,1557.0,Fes_2_I4,28.28,171.3,30.68,33.3
Festuca_rubra,PFT_grass,Fes_2,1557.0,Fes_2_I5,25.35,193.9,30.45,42.2
Festuca_rubra,PFT_grass,Fes_3,1671.0,Fes_3_I1,25.19,189.1,27.08,31.9
Festuca_rubra,PFT_grass,Fes_3,1671.0,Fes_3_I2,27.81,158.8,28.74,42.3
Festuca_rubra,PFT_grass,Fes_3,1671.0,Fes_3_I3,32.31,188.6,26.94,39.9
Festuca_rubra,PFT_grass,Fes_3,1671.0,Fes_3_I4,30.12,164.8,22.72,28.3
Festuca_rubra,PFT_grass,Fes_3,1671.0,Fes_3_I5,28.07,184.5,26.13,44.7
Festuca_rubra,PFT_grass,Fes_4,1786.0,Fes_4_I1,30.0,191.3,25.63,44.1
Festuca_rubra,PFT_grass,Fes_4,1786.0,Fes_4_I2,27.65,183.7,28.76,46.8
Festuca_rubra,PFT_grass,Fes_4,1786.0,Fes_4_I3,32.94,187.9,25.83,52.4
Festuca_rubra,PFT_grass,Fes_4,1786.0,Fes_4_I4,28.43,198.7,28.81,45.5
Festuca_rubra,PFT_grass,Fes_4,1786.0,Fes_4_I5,28.9,193.7,31.47,43.0
Festuca_rubra,PFT_grass,Fes_5,1900.0,Fes_5_I1,25.08,184.1,28.37,41.5
Festuca_rubra,PFT_grass,Fes_5,1900.0,Fes_5_I2,26.95,191.9,25.19,44.0
Festuca_rubra,PFT_grass,Fes_5,1900.0,Fes_5_I3,27.95,188.8,25.03,21.2
Festuca_rubra,PFT_grass,Fes_5,1900.0,Fes_5_I4,29.08,208.1,27.86,40.9
Festuca_rubra,PFT_grass,Fes_5,1900.0,Fes_5_I5,28.26,183.1,27.47,32.9
Festuca_rubra,PFT_grass,Fes_6,2014.0,Fes_6_I1,30.67,205.8,26.53,37.0
Festuca_rubra,PFT_grass,Fes_6,2014.0,Fes_6_I2,28.66,171.0,29.52,30.9
Festuca_rubra,PFT_grass,Fes_6,2014.0,Fes_6_I3,29.58,206.8,29.41,36.8
Festuca_rubra,PFT_grass,Fes_6,2014.0,Fes_6_I4,29.39,179.3,23.45,43.5
Festuca_rubra,PFT_grass,Fes_6,2014.0,Fes_6_I5,27.84,180.1,28.46,32.7
Festuca_rubra,PFT_grass,Fes_7,2128.0,Fes_7_I1,31.79,193.3,28.69,37.8
Festuca_rubra,PFT_grass,Fes_7,2128.0,Fes_7_I2,23.64,205.4,25.11,37.8
Festuca_rubra,PFT_grass,Fes_7,2128.0,Fes_7_I3,31.63,211.0,28.46,35.0
Festuca_rubra,PFT_grass,Fes_7,2128.0,Fes_7_I4,28.45,204.4,28.99,45.4
Festuca_rubra,PFT_grass,Fes_7,2128.0,Fes_7_I5,29.24,179.0,23.7,28.1
Festuca_rubra,PFT_grass,Fes_8,2243.0,Fes_8_I1,25.53,197.6,26.45,39.7
Festuca_rubra,PFT_grass,Fes_8,2243.0,Fes_8_I2,27.27,228.2,24.77,43.2
Festuca_rubra,PFT_grass,Fes_8,2243.0,Fes_8_I3,28.43,220.8,32.61,44.2
Festuca_rubra,PFT_grass,Fes_8,2243.0,Fes_8_I4,32.6,200.1,26.39,45.3
Festuca_rubra,PFT_grass,Fes_8,2243.0,Fes_8_I5,27.65,218.4,24.46,41.1
Poa_alpina,PFT_grass,Poa_1,1400.0,Poa_1_I1,31.24,218.6,27.26,18.1
Poa_alpina,PFT_grass,Poa_1,1400.0,Poa_1_I2,30.1,249.2,29.7,33.3
Poa_alpina,PFT_grass,Poa_1,1400.0,Poa_1_I3,31.63,210.4,26.08,32.3
Poa_alpina,PFT_grass,Poa_1,1400.0,Poa_1_I4,27.08,225.0,28.76,38.2
Poa_alpina,PFT_grass,Poa_1,1400.0,Poa_1_I5,32.56,196.9,22.84,34.8
Poa_alpina,PFT_grass,Poa_2,1400.0,Poa_2_I1,25.28,201.9,21.57,30.9
Poa_alpina,PFT_grass,Poa_2,1400.0,Poa_2_I2,26.78,219.2,25.82,39.6
Poa_alpina,PFT_grass,Poa_2,1400.0,Poa_2_I3,28.67,220.3,25.2,37.6
Poa_alpina,PFT_grass,Poa_2,1400.0,Poa_2_I4,30.06,220.7,27.8,36.8
Poa_alpina,PFT_grass,Poa_2,1400.0,Poa_2_I5,27.44,233.5,26.87,32.9
Poa_alpina,PFT_grass,Poa_3,1400.0,Poa_3_I1,22.91,214.1,30.15,26.9
Poa_alpina,PFT_grass,Poa_3,1400.0,Poa_3_I2,24.73,226.5,24.48,29.2
Poa_alpina,PFT_grass,Poa_3,1400.0,Poa_3_I3,30.74,213.7,28.11,28.5
Poa_alpina,PFT_grass,Poa_3,1400.0,Poa_3_I4,24.45,238.1,26.55,34.5
Poa_alpina,PFT_grass,Poa_3,1400.0,Poa_3_I5,21.56,237.4,29.59,37.3
Poa_alpina,PFT_grass,Poa_4,1498.0,Poa_4_I1,24.48,226.0,25.93,29.7
Poa_alpina,PFT_grass,Poa_4,1498.0,Poa_4_I2,26.9,193.8,29.53,38.1
Poa_alpina,PFT_grass,Poa_4,1498.0,Poa_4_I3,27.82,200.4,26.22,31.5
Poa_alpina,PFT_grass,Poa_4,1498.0,Poa_4_I4,27.55,218.9,24.9,38.0
Poa_alpina,PFT_grass,Poa_4,1498.0,Poa_4_I5,25.92,236.4,24.96,32.2
Poa_alpina,PFT_grass,Poa_5,1613.0,Poa_5_I1,28.92,229.5,29.72,30.3
Poa_alpina,PFT_grass,Poa_5,1613.0,Poa_5_I2,21.14,230.6,26.43,27.9
Poa_alpina,PFT_grass,Poa_5,1613.0,Poa_5_I3,27.81,233.3,28.99,32.5
Poa_alpina,PFT_grass,Poa_5,1613.0,Poa_5_I4,27.16,206.9,28.93,34.0
Poa_alpina,PFT_grass,Poa_5,1613.0,Poa_5_I5,28.01,230.1,26.53,39.4
Poa_alpina,PFT_grass,Poa_6,1727.0,Poa_6_I1,23.49,242.8,28.53,36.1
Poa_alpina,PFT_grass,Poa_6,1727.0,Poa_6_I2,24.1,237.2,26.33,25.3
Poa_alpina,PFT_grass,Poa_6,1727.0,Poa_6_I3,24.47,212.8,28.5,31.1
Poa_alpina,PFT_grass,Poa_6,1727.0,Poa_6_I4,27.47,238.6,26.03,32.9
Poa_alpina,PFT_grass,Poa_6,1727.0,Poa_6_I5,28.51,230.0,29.18,35.4
Poa_alpina,PFT_grass,Poa_7,1841.0,Poa_7_I1,25.18,222.7,30.52,36.3
Poa_alpina,PFT_grass,Poa_7,1841.0,Poa_7_I2,22.61,253.9,25.92,33.1
Poa_alpina,PFT_grass,Poa_7,1841.0,Poa_7_I3,26.3,230.3,23.38,35.1
Poa_alpina,PFT_grass,Poa_7,1841.0,Poa_7_I4,27.35,224.7,24.97,35.2
Poa_alpina,PFT_grass,Poa_7,1841.0,Poa_7_I5,28.12,241.7,28.81,33.5
Poa_alpina,PFT_grass,Poa_8,1955.0,Poa_8_I1,25.55,240.6,24.11,35.1
Poa_alpina,PFT_grass,Poa_8,1955.0,Poa_8_I2,24.55,247.5,26.82,41.4
Poa_alpina,PFT_grass,Poa_8,1955.0,Poa_8_I3,23.33,240.6,21.22,32.2
Poa_alpina,PFT_grass,Poa_8,1955.0,Poa_8_I4,24.55,230.1,27.43,37.7
Poa_alpina,PFT_grass,Poa_8,1955.0,Poa_8_I5,26.81,260.4,24.17,31.8
Nardus_stricta,PFT_grass,Nar_1,1400.0,Nar_1_I1,20.75,236.7,27.06,47.1
Nardus_stricta,PFT_grass,Nar_1,1400.0,Nar_1_I2,17.99,222.8,32.04,34.6
Nardus_stricta,PFT_grass,Nar_1,1400.0,Nar_1_I3,21.93,229.9,32.68,37.0
Nardus_stricta,PFT_grass,Nar_1,1400.0,Nar_1_I4,20.09,221.2,30.56,34.6
Nardus_stricta,PFT_grass,Nar_1,1400.0,Nar_1_I5,19.02,229.0,34.33,34.0
Nardus_stricta,PFT_grass,Nar_2,1482.0,Nar_2_I1,21.94,221.8,32.56,29.7
Nardus_stricta,PFT_grass,Nar_2,1482.0,Nar_2_I2,21.04,227.4,32.75,27.8
Nardus_stricta,PFT_grass,Nar_2,1482.0,Nar_2_I3,18.41,224.8,33.27,32.8
Nardus_stricta,PFT_grass,Nar_2,1482.0,Nar_2_I4,18.62,221.5,26.34,29.1
Nardus_stricta,PFT_grass,Nar_2,1482.0,Nar_2_I5,19.73,226.8,32.1,38.5
Nardus_stricta,PFT_grass,Nar_3,1596.0,Nar_3_I1,21.94,227.1,26.38,30.2
Nardus_stricta,PFT_grass,Nar_3,1596.0,Nar_3_I2,16.44,240.6,29.21,27.3
Nardus_stricta,PFT_grass,Nar_3,1596.0,Nar_3_I3,20.27,234.1,27.01,42.2
Nardus_stricta,PFT_grass,Nar_3,1596.0,Nar_3_I4,18.88,242.1,29.29,39.2
Nardus_stricta,PFT_grass,Nar_3,1596.0,Nar_3_I5,20.3,218.0,27.42,42.9
Nardus_stricta,PFT_grass,Nar_4,1710.0,Nar_4_I1,17.54,227.0,27.56,34.4
Nardus_stricta,PFT_grass,Nar_4,1710.0,Nar_4_I2,18.82,233.1,34.4,40.1
Nardus_stricta,PFT_grass,Nar_4,1710.0,Nar_4_I3,17.5,254.5,35.05,33.3
Nardus_stricta,PFT_grass,Nar_4,1710.0,Nar_4_I4,20.52,240.9,27.43,37.9
Nardus_stricta,PFT_grass,Nar_4,1710.0,Nar_4_I5,19.03,230.7,32.55,27.9
Nardus_stricta,PFT_grass,Nar_5,1825.0,Nar_5_I1,20.27,219.9,31.47,27.4
Nardus_stricta,PFT_grass,Nar_5,1825.0,Nar_5_I2,19.32,241.3,27.83,33.4
Nardus_stricta,PFT_grass,Nar_5,1825.0,Nar_5_I3,19.41,232.5,34.52,33.0
Nardus_stricta,PFT_grass,Nar_5,1825.0,Nar_5_I4,18.33,229.4,28.84,39.8
Nardus_stricta,PFT_grass,Nar_5,1825.0,Nar_5_I5,21.04,239.7,29.89,41.2
Nardus_stricta,PFT_grass,Nar_6,1939.0,Nar_6_I1,18.09,248.3,33.05,34.6
Nardus_stricta,PFT_grass,Nar_6,1939.0,Nar_6_I2,18.74,248.9,31.24,41.9
Nardus_stricta,PFT_grass,Nar_6,1939.0,Nar_6_I3,19.07,240.1,25.75,40.2
Nardus_stricta,PFT_grass,Nar_6,1939.0,Nar_6_I4,19.3,243.8,29.65,41.0
Nardus_stricta,PFT_grass,Nar_6,1939.0,Nar_6_I5,20.65,253.8,33.24,31.2
Nardus_stricta,PFT_grass,Nar_7,2053.0,Nar_7_I1,16.97,265.9,27.39,26.4
Nardus_stricta,PFT_grass,Nar_7,2053.0,Nar_7_I2,18.09,241.2,28.54,47.0
Nardus_stricta,PFT_grass,Nar_7,2053.0,Nar_7_I3,16.11,249.4,27.34,38.9
Nardus_stricta,PFT_grass,Nar_7,2053.0,Nar_7_I4,20.67,259.0,26.4,33.6
Nardus_stricta,PFT_grass,Nar_7,2053.0,Nar_7_I5,19.88,272.1,30.22,43.1
Nardus_stricta,PFT_grass,Nar_8,2167.0,Nar_8_I1,17.41,260.6,28.15,34.0
Nardus_stricta,PFT_grass,Nar_8,2167.0,Nar_8_I2,18.35,266.0,30.28,41.0
Nardus_stricta,PFT_grass,Nar_8,2167.0,Nar_8_I3,17.76,248.7,29.22,28.8
Nardus_stricta,PFT_grass,Nar_8,2167.0,Nar_8_I4,19.12,254.9,30.48,40.4
Nardus_stricta,PFT_grass,Nar_8,2167.0,Nar_8_I5,17.16,289.6,31.59,40.3
Vaccinium_myrtillus,PFT_shrub,Vac_1,1400.0,Vac_1_I1,18.01,183.1,16.68,19.2
Vaccinium_myrtillus,PFT_shrub,Vac_1,1400.0,Vac_1_I2,15.81,199.1,20.44,21.2
Vaccinium_myrtillus,PFT_shrub,Vac_1,1400.0,Vac_1_I3,19.15,186.5,19.67,22.9
Vaccinium_myrtillus,PFT_shrub,Vac_1,1400.0,Vac_1_I4,20.01,202.9,19.75,23.3
Vaccinium_myrtillus,PFT_shrub,Vac_1,1400.0,Vac_1_I5,21.09,176.0,24.8,15.7
Vaccinium_myrtillus,PFT_shrub,Vac_2,1498.0,Vac_2_I1,19.09,177.3,18.16,20.4
Vaccinium_myrtillus,PFT_shrub,Vac_2,1498.0,Vac_2_I2,21.04,194.9,22.17,18.5
Vaccinium_myrtillus,PFT_shrub,Vac_2,1498.0,Vac_2_I3,17.98,179.0,20.29,20.6
Vaccinium_myrtillus,PFT_shrub,Vac_2,1498.0,Vac_2_I4,17.76,188.3,17.12,21.1
Vaccinium_myrtillus,PFT_shrub,Vac_2,1498.0,Vac_2_I5,16.14,201.0,22.9,16.2
Vaccinium_myrtillus,PFT_shrub,Vac_3,1612.0,Vac_3_I1,19.53,206.5,21.05,19.8
Vaccinium_myrtillus,PFT_shrub,Vac_3,1612.0,Vac_3_I2,20.23,201.2,17.15,24.6
Vaccinium_myrtillus,PFT_shrub,Vac_3,1612.0,Vac_3_I3,16.84,223.1,21.0,23.2
Vaccinium_myrtillus,PFT_shrub,Vac_3,1612.0,Vac_3_I4,18.69,199.5,20.84,19.4
Vaccinium_myrtillus,PFT_shrub,Vac_3,1612.0,Vac_3_I5,17.75,203.5,24.48,16.4
Vaccinium_myrtillus,PFT_shrub,Vac_4,1726.0,Vac_4_I1,18.0,199.4,23.75,18.0
Vaccinium_myrtillus,PFT_shrub,Vac_4,1726.0,Vac_4_I2,18.34,198.7,22.69,22.2
Vaccinium_myrtillus,PFT_shrub,Vac_4,1726.0,Vac_4_I3,16.82,228.7,20.84,22.4
Vaccinium_myrtillus,PFT_shrub,Vac_4,1726.0,Vac_4_I4,18.33,188.3,21.01,22.5
Vaccinium_myrtillus,PFT_shrub,Vac_4,1726.0,Vac_4_I5,18.68,234.4,22.37,21.0
Vaccinium_myrtillus,PFT_shrub,Vac_5,1840.0,Vac_5_I1,18.84,178.3,22.02,16.2
Vaccinium_myrtillus,PFT_shrub,Vac_5,1840.0,Vac_5_I2,17.0,196.4,19.26,20.3
Vaccinium_myrtillus,PFT_shrub,Vac_5,1840.0,Vac_5_I3,18.34,190.9,20.72,20.5
Vaccinium_myrtillus,PFT_shrub,Vac_5,1840.0,Vac_5_I4,15.27,224.2,20.26,20.8
Vaccinium_myrtillus,PFT_shrub,Vac_5,1840.0,Vac_5_I5,16.37,187.6,21.72,21.7
Vaccinium_myrtillus,PFT_shrub,Vac_6,1955.0,Vac_6_I1,16.79,193.3,23.43,21.0
Vaccinium_myrtillus,PFT_shrub,Vac_6,1955.0,Vac_6_I2,20.18,188.4,22.6,20.0
Vaccinium_myrtillus,PFT_shrub,Vac_6,1955.0,Vac_6_I3,18.08,208.1,18.99,20.8
Vaccinium_myrtillus,PFT_shrub,Vac_6,1955.0,Vac_6_I4,17.43,229.8,20.61,19.4
Vaccinium_myrtillus,PFT_shrub,Vac_6,1955.0,Vac_6_I5,17.23,189.4,20.61,20.3
Vaccinium_myrtillus,PFT_shrub,Vac_7,2069.0,Vac_7_I1,17.08,202.3,18.19,21.5
Vaccinium_myrtillus,PFT_shrub,Vac_7,2069.0,Vac_7_I2,15.78,186.7,21.14,19.1
Vaccinium_myrtillus,PFT_shrub,Vac_7,2069.0,Vac_7_I3,16.12,228.5,19.96,22.6
Vaccinium_myrtillus,PFT_shrub,Vac_7,2069.0,Vac_7_I4,17.61,211.8,19.66,24.3
Vaccinium_myrtillus,PFT_shrub,Vac_7,2069.0,Vac_7_I5,16.66,221.0,17.8,20.1
Vaccinium_myrtillus,PFT_shrub,Vac_8,2183.0,Vac_8_I1,16.89,203.6,21.35,18.0
Vaccinium_myrtillus,PFT_shrub,Vac_8,2183.0,Vac_8_I2,19.09,219.0,19.56,18.4
Vaccinium_myrtillus,PFT_shrub,Vac_8,2183.0,Vac_8_I3,14.49,204.1,19.27,20.2
Vaccinium_myrtillus,PFT_shrub,Vac_8,2183.0,Vac_8_I4,19.01,221.0,23.1,19.5
Vaccinium_myrtillus,PFT_shrub,Vac_8,2183.0,Vac_8_I5,14.97,214.9,24.18,21.8
Gentiana_nivalis,PFT_geophyte,Gen_1,1541.0,Gen_1_I1,21.91,211.5,27.61,26.1
Gentiana_nivalis,PFT_geophyte,Gen_1,1541.0,Gen_1_I2,21.2,227.3,23.88,24.8
Gentiana_nivalis,PFT_geophyte,Gen_1,1541.0,Gen_1_I3,25.28,206.6,31.74,26.9
Gentiana_nivalis,PFT_geophyte,Gen_1,1541.0,Gen_1_I4,21.46,178.9,23.93,19.9
Gentiana_nivalis,PFT_geophyte,Gen_1,1541.0,Gen_1_I5,23.85,208.0,28.48,21.8
Gentiana_nivalis,PFT_geophyte,Gen_2,1655.0,Gen_2_I1,24.4,246.1,27.89,19.0
Gentiana_nivalis,PFT_geophyte,Gen_2,1655.0,Gen_2_I2,23.35,227.9,30.48,22.2
Gentiana_nivalis,PFT_geophyte,Gen_2,1655.0,Gen_2_I3,21.21,212.8,27.0,27.1
Gentiana_nivalis,PFT_geophyte,Gen_2,1655.0,Gen_2_I4,21.89,217.9,26.75,27.1
Gentiana_nivalis,PFT_geophyte,Gen_2,1655.0,Gen_2_I5,22.7,220.8,26.16,24.1
Gentiana_nivalis,PFT_geophyte,Gen_3,1769.0,Gen_3_I1,23.65,187.1,26.34,21.4
Gentiana_nivalis,PFT_geophyte,Gen_3,1769.0,Gen_3_I2,20.86,221.2,27.24,25.8
Gentiana_nivalis,PFT_geophyte,Gen_3,1769.0,Gen_3_I3,25.16,203.9,25.97,25.0
Gentiana_nivalis,PFT_geophyte,Gen_3,1769.0,Gen_3_I4,22.54,244.5,24.65,24.9
Gentiana_nivalis,PFT_geophyte,Gen_3,1769.0,Gen_3_I5,20.7,234.3,30.1,23.9
Gentiana_nivalis,PFT_geophyte,Gen_4,1883.0,Gen_4_I1,22.31,191.9,24.91,22.0
Gentiana_nivalis,PFT_geophyte,Gen_4,1883.0,Gen_4_I2,16.46,215.6,26.46,25.8
Gentiana_nivalis,PFT_geophyte,Gen_4,1883.0,Gen_4_I3,19.69,237.8,26.9,27.4
Gentiana_nivalis,PFT_geophyte,Gen_4,1883.0,Gen_4_I4,24.52,250.0,28.12,22.5
Gentiana_nivalis,PFT_geophyte,Gen_4,1883.0,Gen_4_I5,24.2,222.8,26.01,22.3
Gentiana_nivalis,PFT_geophyte,Gen_5,1998.0,Gen_5_I1,21.66,239.1,29.72,22.3
Gentiana_nivalis,PFT_geophyte,Gen_5,1998.0,Gen_5_I2,22.89,203.4,26.06,26.6
Gentiana_nivalis,PFT_geophyte,Gen_5,1998.0,Gen_5_I3,21.13,222.3,25.05,21.7
Gentiana_nivalis,PFT_geophyte,Gen_5,1998.0,Gen_5_I4,19.87,197.5,25.7,21.1
Gentiana_nivalis,PFT_geophyte,Gen_5,1998.0,Gen_5_I5,18.64,236.0,24.27,28.3
Gentiana_nivalis,PFT_geophyte,Gen_6,2112.0,Gen_6_I1,17.96,237.7,30.95,26.4
Gentiana_nivalis,PFT_geophyte,Gen_6,2112.0,Gen_6_I2,18.16,239.3,27.63,25.5
Gentiana_nivalis,PFT_geophyte,Gen_6,2112.0,Gen_6_I3,21.1,242.2,30.91,22.6
Gentiana_nivalis,PFT_geophyte,Gen_6,2112.0,Gen_6_I4,22.52,212.3,25.63,22.0
Gentiana_nivalis,PFT_geophyte,Gen_6,2112.0,Gen_6_I5,24.13,264.8,23.82,24.0
Gentiana_nivalis,PFT_geophyte,Gen_7,2226.0,Gen_7_I1,20.4,248.3,25.05,24.1
Gentiana_nivalis,PFT_geophyte,Gen_7,2226.0,Gen_7_I2,21.01,255.4,22.02,27.0
Gentiana_nivalis,PFT_geophyte,Gen_7,2226.0,Gen_7_I3,20.25,220.7,28.34,22.3
Gentiana_nivalis,PFT_geophyte,Gen_7,2226.0,Gen_7_I4,23.89,224.7,26.5,26.2
Gentiana_nivalis,PFT_geophyte,Gen_7,2226.0,Gen_7_I5,20.1,232.0,31.65,23.6
Gentiana_nivalis,PFT_geophyte,Gen_8,2341.0,Gen_8_I1,20.44,238.0,25.32,22.4
Gentiana_nivalis,PFT_geophyte,Gen_8,2341.0,Gen_8_I2,20.23,241.5,25.05,26.3
Gentiana_nivalis,PFT_geophyte,Gen_8,2341.0,Gen_8_I3,18.18,211.5,27.68,23.5
Gentiana_nivalis,PFT_geophyte,Gen_8,2341.0,Gen_8_I4,18.72,225.9,28.84,25.4
Gentiana_nivalis,PFT_geophyte,Gen_8,2341.0,Gen_8_I5,19.51,245.2,27.86,20.0
Soldanella_alpina,PFT_geophyte,Sol_1,1883.0,Sol_1_I1,18.1,220.8,32.17,18.0
Soldanella_alpina,PFT_geophyte,Sol_1,1883.0,Sol_1_I2,19.2,206.7,29.84,17.2
Soldanella_alpina,PFT_geophyte,Sol_1,1883.0,Sol_1_I3,18.39,196.5,31.15,15.2
Soldanella_alpina,PFT_geophyte,Sol_1,1883.0,Sol_1_I4,19.31,186.8,29.19,15.4
Soldanella_alpina,PFT_geophyte,Sol_1,1883.0,Sol_1_I5,18.84,224.6,29.0,16.6
Soldanella_alpina,PFT_geophyte,Sol_2,1997.0,Sol_2_I1,18.96,199.2,27.12,16.4
Soldanella_alpina,PFT_geophyte,Sol_2,1997.0,Sol_2_I2,16.75,223.3,33.16,19.4
Soldanella_alpina,PFT_geophyte,Sol_2,1997.0,Sol_2_I3,17.27,187.9,31.21,18.7
Soldanella_alpina,PFT_geophyte,Sol_2,1997.0,Sol_2_I4,15.17,209.3,36.58,14.6
Soldanella_alpina,PFT_geophyte,Sol_2,1997.0,Sol_2_I5,18.66,183.1,32.34,17.2
Soldanella_alpina,PFT_geophyte,Sol_3,2111.0,Sol_3_I1,17.21,224.4,32.02,18.9
Soldanella_alpina,PFT_geophyte,Sol_3,2111.0,Sol_3_I2,16.5,234.1,26.0,21.0
Soldanella_alpina,PFT_geophyte,Sol_3,2111.0,Sol_3_I3,18.63,234.4,32.0,16.0
Soldanella_alpina,PFT_geophyte,Sol_3,2111.0,Sol_3_I4,16.76,237.7,34.34,17.8
Soldanella_alpina,PFT_geophyte,Sol_3,2111.0,Sol_3_I5,15.79,218.1,31.83,16.3
Soldanella_alpina,PFT_geophyte,Sol_4,2226.0,Sol_4_I1,16.23,200.8,40.28,17.6
Soldanella_alpina,PFT_geophyte,Sol_4,2226.0,Sol_4_I2,18.77,190.5,39.38,13.7
Soldanella_alpina,PFT_geophyte,Sol_4,2226.0,Sol_4_I3,17.57,220.0,33.77,16.9
Soldanella_alpina,PFT_geophyte,Sol_4,2226.0,Sol_4_I4,18.44,203.1,31.1,16.8
Soldanella_alpina,PFT_geophyte,Sol_4,2226.0,Sol_4_I5,14.64,193.0,28.83,18.1
Soldanella_alpina,PFT_geophyte,Sol_5,2340.0,Sol_5_I1,16.72,256.5,37.81,15.3
Soldanella_alpina,PFT_geophyte,Sol_5,2340.0,Sol_5_I2,16.77,215.0,32.32,16.0
Soldanella_alpina,PFT_geophyte,Sol_5,2340.0,Sol_5_I3,14.63,214.4,33.36,15.7
Soldanella_alpina,PFT_geophyte,Sol_5,2340.0,Sol_5_I4,15.06,253.3,37.61,16.1
Soldanella_alpina,PFT_geophyte,Sol_5,2340.0,Sol_5_I5,18.0,243.0,32.61,13.1
Soldanella_alpina,PFT_geophyte,Sol_6,2454.0,Sol_6_I1,16.04,244.0,30.9,19.9
Soldanella_alpina,PFT_geophyte,Sol_6,2454.0,Sol_6_I2,16.12,232.7,28.98,16.4
Soldanella_alpina,PFT_geophyte,Sol_6,2454.0,Sol_6_I3,16.39,232.3,33.86,19.8
Soldanella_alpina,PFT_geophyte,Sol_6,2454.0,Sol_6_I4,17.92,254.8,31.49,12.7
Soldanella_alpina,PFT_geophyte,Sol_6,2454.0,Sol_6_I5,14.64,220.1,31.73,13.7
Soldanella_alpina,PFT_geophyte,Sol_7,2568.0,Sol_7_I1,16.58,234.1,33.6,19.6
Soldanella_alpina,PFT_geophyte,Sol_7,2568.0,Sol_7_I2,14.38,244.7,26.81,15.9
Soldanella_alpina,PFT_geophyte,Sol_7,2568.0,Sol_7_I3,16.21,236.5,27.38,17.1
Soldanella_alpina,PFT_geophyte,Sol_7,2568.0,Sol_7_I4,15.88,227.6,31.83,17.9
Soldanella_alpina,PFT_geophyte,Sol_7,2568.0,Sol_7_I5,18.22,235.3,32.29,12.5
Soldanella_alpina,PFT_geophyte,Sol_8,2683.0,Sol_8_I1,15.41,243.5,34.79,16.5
Soldanella_alpina,PFT_geophyte,Sol_8,2683.0,Sol_8_I2,16.65,224.7,34.37,20.1
Soldanella_alpina,PFT_geophyte,Sol_8,2683.0,Sol_8_I3,15.46,235.3,35.42,16.7
Soldanella_alpina,PFT_geophyte,Sol_8,2683.0,Sol_8_I4,17.53,264.6,30.62,18.1
Soldanella_alpina,PFT_geophyte,Sol_8,2683.0,Sol_8_I5,14.54,203.7,28.99,15.0
Rumex_alpinus,PFT_ruderal,Rum_1,1545.0,Rum_1_I1,24.05,106.6,36.46,50.7
Rumex_alpinus,PFT_ruderal,Rum_1,1545.0,Rum_1_I2,29.14,128.0,32.0,51.0
Rumex_alpinus,PFT_ruderal,Rum_1,1545.0,Rum_1_I3,26.38,122.7,36.83,48.3
Rumex_alpinus,PFT_ruderal,Rum_1,1545.0,Rum_1_I4,25.09,128.8,32.54,43.6
Rumex_alpinus,PFT_ruderal,Rum_1,1545.0,Rum_1_I5,23.95,134.2,39.72,47.9
Rumex_alpinus,PFT_ruderal,Rum_2,1659.0,Rum_2_I1,28.34,120.3,40.49,43.7
Rumex_alpinus,PFT_ruderal,Rum_2,1659.0,Rum_2_I2,27.67,135.0,37.46,49.3
Rumex_alpinus,PFT_ruderal,Rum_2,1659.0,Rum_2_I3,27.74,147.7,31.34,45.3
Rumex_alpinus,PFT_ruderal,Rum_2,1659.0,Rum_2_I4,23.47,130.0,36.97,48.7
Rumex_alpinus,PFT_ruderal,Rum_2,1659.0,Rum_2_I5,29.86,136.7,36.67,44.6
Rumex_alpinus,PFT_ruderal,Rum_3,1774.0,Rum_3_I1,24.06,130.8,39.25,50.6
Rumex_alpinus,PFT_ruderal,Rum_3,1774.0,Rum_3_I2,27.41,150.2,36.91,48.0
Rumex_alpinus,PFT_ruderal,Rum_3,1774.0,Rum_3_I3,22.15,146.1,38.27,44.8
Rumex_alpinus,PFT_ruderal,Rum_3,1774.0,Rum_3_I4,26.95,147.9,38.06,43.9
Rumex_alpinus,PFT_ruderal,Rum_3,1774.0,Rum_3_I5,22.69,134.6,34.05,47.5
Rumex_alpinus,PFT_ruderal,Rum_4,1888.0,Rum_4_I1,23.15,126.0,33.99,40.4
Rumex_alpinus,PFT_ruderal,Rum_4,1888.0,Rum_4_I2,27.32,131.0,37.98,39.9
Rumex_alpinus,PFT_ruderal,Rum_4,1888.0,Rum_4_I3,26.77,156.7,38.04,45.7
Rumex_alpinus,PFT_ruderal,Rum_4,1888.0,Rum_4_I4,24.5,143.2,37.86,50.0
Rumex_alpinus,PFT_ruderal,Rum_4,1888.0,Rum_4_I5,25.53,162.7,30.52,38.2
Rumex_alpinus,PFT_ruderal,Rum_5,2002.0,Rum_5_I1,21.89,133.6,37.02,44.6
Rumex_alpinus,PFT_ruderal,Rum_5,2002.0,Rum_5_I2,23.99,134.3,37.42,45.0
Rumex_alpinus,PFT_ruderal,Rum_5,2002.0,Rum_5_I3,24.7,147.0,34.61,54.5
Rumex_alpinus,PFT_ruderal,Rum_5,2002.0,Rum_5_I4,27.13,170.2,39.91,42.9
Rumex_alpinus,PFT_ruderal,Rum_5,2002.0,Rum_5_I5,27.87,166.4,39.18,50.1
Rumex_alpinus,PFT_ruderal,Rum_6,2117.0,Rum_6_I1,27.06,170.0,34.35,54.1
Rumex_alpinus,PFT_ruderal,Rum_6,2117.0,Rum_6_I2,26.55,159.7,35.9,38.2
Rumex_alpinus,PFT_ruderal,Rum_6,2117.0,Rum_6_I3,26.16,151.7,36.64,38.8
Rumex_alpinus,PFT_ruderal,Rum_6,2117.0,Rum_6_I4,25.29,152.3,26.49,44.6
Rumex_alpinus,PFT_ruderal,Rum_6,2117.0,Rum_6_I5,24.59,165.4,37.8,49.5
Rumex_alpinus,PFT_ruderal,Rum_7,2231.0,Rum_7_I1,23.86,153.6,35.64,53.1
Rumex_alpinus,PFT_ruderal,Rum_7,2231.0,Rum_7_I2,25.37,161.6,34.63,52.7
Rumex_alpinus,PFT_ruderal,Rum_7,2231.0,Rum_7_I3,27.98,173.5,34.02,42.0
Rumex_alpinus,PFT_ruderal,Rum_7,2231.0,Rum_7_I4,23.1,171.0,38.88,45.8
Rumex_alpinus,PFT_ruderal,Rum_7,2231.0,Rum_7_I5,22.52,152.2,33.98,50.3
Rumex_alpinus,PFT_ruderal,Rum_8,2345.0,Rum_8_I1,23.78,169.7,41.83,43.0
Rumex_alpinus,PFT_ruderal,Rum_8,2345.0,Rum_8_I2,27.88,182.1,37.01,57.8
Rumex_alpinus,PFT_ruderal,Rum_8,2345.0,Rum_8_I3,20.51,170.5,37.37,48.7
Rumex_alpinus,PFT_ruderal,Rum_8,2345.0,Rum_8_I4,24.35,160.5,41.33,49.3
Rumex_alpinus,PFT_ruderal,Rum_8,2345.0,Rum_8_I5,27.54,175.7,34.97,33.0
Ranunculus_acris,PFT_ruderal,Ran_1,1400.0,Ran_1_I1,28.76,147.6,32.13,36.4
Ranunculus_acris,PFT_ruderal,Ran_1,1400.0,Ran_1_I2,27.04,148.5,33.1,41.7
Ranunculus_acris,PFT_ruderal,Ran_1,1400.0,Ran_1_I3,28.83,153.3,33.58,34.0
Ranunculus_acris,PFT_ruderal,Ran_1,1400.0,Ran_1_I4,30.4,138.2,35.32,32.6
Ranunculus_acris,PFT_ruderal,Ran_1,1400.0,Ran_1_I5,25.3,148.1,38.35,33.6
Ranunculus_acris,PFT_ruderal,Ran_2,1400.0,Ran_2_I1,33.36,147.9,35.71,29.0
Ranunculus_acris,PFT_ruderal,Ran_2,1400.0,Ran_2_I2,26.38,149.6,38.2,36.7
Ranunculus_acris,PFT_ruderal,Ran_2,1400.0,Ran_2_I3,26.19,121.7,34.7,41.9
Ranunculus_acris,PFT_ruderal,Ran_2,1400.0,Ran_2_I4,30.06,147.9,38.39,35.5
Ranunculus_acris,PFT_ruderal,Ran_2,1400.0,Ran_2_I5,24.46,150.4,35.16,25.6
Ranunculus_acris,PFT_ruderal,Ran_3,1448.0,Ran_3_I1,30.31,120.8,37.07,33.6
Ranunculus_acris,PFT_ruderal,Ran_3,1448.0,Ran_3_I2,27.34,140.2,36.66,37.6
Ranunculus_acris,PFT_ruderal,Ran_3,1448.0,Ran_3_I3,32.71,157.5,40.22,30.5
Ranunculus_acris,PFT_ruderal,Ran_3,1448.0,Ran_3_I4,27.84,146.4,34.14,34.2
Ranunculus_acris,PFT_ruderal,Ran_3,1448.0,Ran_3_I5,31.84,155.8,40.26,36.8
Ranunculus_acris,PFT_ruderal,Ran_4,1562.0,Ran_4_I1,27.08,155.3,38.74,35.2
Ranunculus_acris,PFT_ruderal,Ran_4,1562.0,Ran_4_I2,32.75,169.2,36.86,36.6
Ranunculus_acris,PFT_ruderal,Ran_4,1562.0,Ran_4_I3,31.2,162.7,40.05,27.9
Ranunculus_acris,PFT_ruderal,Ran_4,1562.0,Ran_4_I4,23.21,151.6,35.37,28.8
Ranunculus_acris,PFT_ruderal,Ran_4,1562.0,Ran_4_I5,30.72,150.2,35.42,32.3
Ranunculus_acris,PFT_ruderal,Ran_5,1676.0,Ran_5_I1,25.74,165.3,35.67,34.6
Ranunculus_acris,PFT_ruderal,Ran_5,1676.0,Ran_5_I2,26.95,164.5,37.8,29.8
Ranunculus_acris,PFT_ruderal,Ran_5,1676.0,Ran_5_I3,28.12,137.4,37.21,37.0
Ranunculus_acris,PFT_ruderal,Ran_5,1676.0,Ran_5_I4,28.42,139.8,27.14,31.4
Ranunculus_acris,PFT_ruderal,Ran_5,1676.0,Ran_5_I5,27.41,144.5,30.95,37.0
Ranunculus_acris,PFT_ruderal,Ran_6,1791.0,Ran_6_I1,23.18,184.7,39.03,38.7
Ranunculus_acris,PFT_ruderal,Ran_6,1791.0,Ran_6_I2,29.03,159.9,36.07,35.3
Ranunculus_acris,PFT_ruderal,Ran_6,1791.0,Ran_6_I3,32.23,165.8,36.12,32.9
Ranunculus_acris,PFT_ruderal,Ran_6,1791.0,Ran_6_I4,28.66,173.7,31.21,41.6
Ranunculus_acris,PFT_ruderal,Ran_6,1791.0,Ran_6_I5,25.82,159.3,33.99,37.0
Ranunculus_acris,PFT_ruderal,Ran_7,1905.0,Ran_7_I1,30.57,168.3,36.14,38.6
Ranunculus_acris,PFT_ruderal,Ran_7,1905.0,Ran_7_I2,32.92,194.6,37.72,29.3
Ranunculus_acris,PFT_ruderal,Ran_7,1905.0,Ran_7_I3,24.15,171.4,27.09,37.2
Ranunculus_acris,PFT_ruderal,Ran_7,1905.0,Ran_7_I4,25.52,175.5,36.5,37.9
Ranunculus_acris,PFT_ruderal,Ran_7,1905.0,Ran_7_I5,24.97,181.9,30.62,31.0
Ranunculus_acris,PFT_ruderal,Ran_8,2019.0,Ran_8_I1,26.02,197.4,32.53,31.6
Ranunculus_acris,PFT_ruderal,Ran_8,2019.0,Ran_8_I2,35.9,149.5,28.78,35.9
Ranunculus_acris,PFT_ruderal,Ran_8,2019.0,Ran_8_I3,26.3,191.4,34.51,38.0
Ranunculus_acris,PFT_ruderal,Ran_8,2019.0,Ran_8_I4,28.4,172.6,32.95,40.4
Ranunculus_acris,PFT_ruderal,Ran_8,2019.0,Ran_8_I5,27.59,170.3,37.38,41.3
Carex_firma,PFT_stress,Car_1,1805.0,Car_1_I1,14.31,327.4,25.65,6.1
Carex_firma,PFT_stress,Car_1,1805.0,Car_1_I2,15.77,267.8,21.83,6.0
Carex_firma,PFT_stress,Car_1,1805.0,Car_1_I3,16.74,282.9,19.97,6.1
Carex_firma,PFT_stress,Car_1,1805.0,Car_1_I4,14.57,269.2,24.46,6.8
Carex_firma,PFT_stress,Car_1,1805.0,Car_1_I5,16.0,272.1,18.41,4.6
Carex_firma,PFT_stress,Car_2,1920.0,Car_2_I1,14.06,277.3,19.62,4.9
Carex_firma,PFT_stress,Car_2,1920.0,Car_2_I2,14.65,310.2,17.86,5.7
Carex_firma,PFT_stress,Car_2,1920.0,Car_2_I3,15.21,323.6,23.72,5.9
Carex_firma,PFT_stress,Car_2,1920.0,Car_2_I4,13.71,288.8,24.99,4.0
Carex_firma,PFT_stress,Car_2,1920.0,Car_2_I5,14.34,310.7,21.85,6.1
Carex_firma,PFT_stress,Car_3,2034.0,Car_3_I1,14.79,272.1,23.15,5.7
Carex_firma,PFT_stress,Car_3,2034.0,Car_3_I2,14.64,271.9,22.98,5.2
Carex_firma,PFT_stress,Car_3,2034.0,Car_3_I3,14.29,302.8,21.09,6.6
Carex_firma,PFT_stress,Car_3,2034.0,Car_3_I4,14.06,289.5,17.6,4.8
Carex_firma,PFT_stress,Car_3,2034.0,Car_3_I5,14.15,281.2,22.28,6.1
Carex_firma,PFT_stress,Car_4,2148.0,Car_4_I1,15.47,306.8,23.0,6.2
Carex_firma,PFT_stress,Car_4,2148.0,Car_4_I2,14.27,279.8,20.63,5.4
Carex_firma,PFT_stress,Car_4,2148.0,Car_4_I3,11.86,274.6,22.8,6.1
Carex_firma,PFT_stress,Car_4,2148.0,Car_4_I4,13.62,292.5,19.38,6.1
Carex_firma,PFT_stress,Car_4,2148.0,Car_4_I5,14.11,301.6,21.75,6.2
Carex_firma,PFT_stress,Car_5,2262.0,Car_5_I1,12.43,284.5,22.03,6.7
Carex_firma,PFT_stress,Car_5,2262.0,Car_5_I2,12.02,307.4,21.61,6.0
Carex_firma,PFT_stress,Car_5,2262.0,Car_5_I3,14.38,297.7,19.98,5.8
Carex_firma,PFT_stress,Car_5,2262.0,Car_5_I4,14.71,298.3,21.17,6.6
Carex_firma,PFT_stress,Car_5,2262.0,Car_5_I5,13.35,291.8,20.39,6.5
Carex_firma,PFT_stress,Car_6,2377.0,Car_6_I1,12.68,298.8,17.25,6.6
Carex_firma,PFT_stress,Car_6,2377.0,Car_6_I2,13.59,333.4,22.57,4.6
Carex_firma,PFT_stress,Car_6,2377.0,Car_6_I3,11.54,308.4,23.52,7.0
Carex_firma,PFT_stress,Car_6,2377.0,Car_6_I4,12.61,332.3,20.48,6.1
Carex_firma,PFT_stress,Car_6,2377.0,Car_6_I5,12.68,285.3,22.06,6.0
Carex_firma,PFT_stress,Car_7,2491.0,Car_7_I1,11.54,318.9,25.06,6.9
Carex_firma,PFT_stress,Car_7,2491.0,Car_7_I2,11.36,279.1,24.6,5.4
Carex_firma,PFT_stress,Car_7,2491.0,Car_7_I3,12.42,278.5,25.44,6.0
Carex_firma,PFT_stress,Car_7,2491.0,Car_7_I4,11.18,337.3,20.83,5.0
Carex_firma,PFT_stress,Car_7,2491.0,Car_7_I5,12.88,275.3,21.54,6.4
Carex_firma,PFT_stress,Car_8,2605.0,Car_8_I1,13.32,332.1,22.08,6.1
Carex_firma,PFT_stress,Car_8,2605.0,Car_8_I2,12.11,320.0,22.11,5.4
Carex_firma,PFT_stress,Car_8,2605.0,Car_8_I3,11.09,330.0,21.59,5.9
Carex_firma,PFT_stress,Car_8,2605.0,Car_8_I4,11.82,290.8,23.17,4.1
Carex_firma,PFT_stress,Car_8,2605.0,Car_8_I5,12.71,296.7,20.31,4.7
Aster_alpinus,PFT_stress,Ast_1,1839.0,Ast_1_I1,10.52,318.7,17.99,5.5
Aster_alpinus,PFT_stress,Ast_1,1839.0,Ast_1_I2,10.1,307.2,15.03,6.1
Aster_alpinus,PFT_stress,Ast_1,1839.0,Ast_1_I3,10.93,352.8,14.51,6.7
Aster_alpinus,PFT_stress,Ast_1,1839.0,Ast_1_I4,11.84,296.1,15.98,6.5
Aster_alpinus,PFT_stress,Ast_1,1839.0,Ast_1_I5,11.15,322.5,18.67,6.0
Aster_alpinus,PFT_stress,Ast_2,1953.0,Ast_2_I1,9.58,279.8,12.75,6.6
Aster_alpinus,PFT_stress,Ast_2,1953.0,Ast_2_I2,10.3,335.3,15.66,7.0
Aster_alpinus,PFT_stress,Ast_2,1953.0,Ast_2_I3,10.11,316.8,14.68,6.2
Aster_alpinus,PFT_stress,Ast_2,1953.0,Ast_2_I4,10.43,318.7,16.18,6.1
Aster_alpinus,PFT_stress,Ast_2,1953.0,Ast_2_I5,10.08,301.9,13.32,5.9
Aster_alpinus,PFT_stress,Ast_3,2068.0,Ast_3_I1,10.68,331.0,12.46,6.6
Aster_alpinus,PFT_stress,Ast_3,2068.0,Ast_3_I2,9.22,340.0,14.34,6.8
Aster_alpinus,PFT_stress,Ast_3,2068.0,Ast_3_I3,9.83,374.7,15.02,7.5
Aster_alpinus,PFT_stress,Ast_3,2068.0,Ast_3_I4,10.83,327.4,15.08,5.7
Aster_alpinus,PFT_stress,Ast_3,2068.0,Ast_3_I5,9.13,418.2,14.09,6.5
Aster_alpinus,PFT_stress,Ast_4,2182.0,Ast_4_I1,8.76,365.7,14.57,7.2
Aster_alpinus,PFT_stress,Ast_4,2182.0,Ast_4_I2,9.15,344.0,15.88,7.8
Aster_alpinus,PFT_stress,Ast_4,2182.0,Ast_4_I3,8.5,362.9,19.1,6.1
Aster_alpinus,PFT_stress,Ast_4,2182.0,Ast_4_I4,9.07,363.6,15.46,7.9
Aster_alpinus,PFT_stress,Ast_4,2182.0,Ast_4_I5,10.59,303.1,15.25,8.0
Aster_alpinus,PFT_stress,Ast_5,2296.0,Ast_5_I1,9.42,336.1,15.87,8.3
Aster_alpinus,PFT_stress,Ast_5,2296.0,Ast_5_I2,9.81,381.0,16.45,6.9
Aster_alpinus,PFT_stress,Ast_5,2296.0,Ast_5_I3,8.38,373.9,16.22,7.1
Aster_alpinus,PFT_stress,Ast_5,2296.0,Ast_5_I4,8.71,343.4,14.04,6.8
Aster_alpinus,PFT_stress,Ast_5,2296.0,Ast_5_I5,9.8,321.8,14.45,8.3
Aster_alpinus,PFT_stress,Ast_6,2410.0,Ast_6_I1,8.85,387.1,15.27,6.5
Aster_alpinus,PFT_stress,Ast_6,2410.0,Ast_6_I2,9.43,349.2,15.81,8.2
Aster_alpinus,PFT_stress,Ast_6,2410.0,Ast_6_I3,9.85,404.0,17.19,6.3
Aster_alpinus,PFT_stress,Ast_6,2410.0,Ast_6_I4,8.12,369.0,13.68,6.1
Aster_alpinus,PFT_stress,Ast_6,2410.0,Ast_6_I5,8.48,336.2,15.63,7.3
Aster_alpinus,PFT_stress,Ast_7,2525.0,Ast_7_I1,7.54,371.9,12.51,7.9
Aster_alpinus,PFT_stress,Ast_7,2525.0,Ast_7_I2,7.77,364.0,13.29,7.2
Aster_alpinus,PFT_stress,Ast_7,2525.0,Ast_7_I3,6.32,347.8,15.3,6.9
Aster_alpinus,PFT_stress,Ast_7,2525.0,Ast_7_I4,10.2,353.8,14.07,7.7
Aster_alpinus,PFT_stress,Ast_7,2525.0,Ast_7_I5,9.63,336.1,12.86,7.6
Aster_alpinus,PFT_stress,Ast_8,2639.0,Ast_8_I1,8.09,365.0,15.81,6.5
Aster_alpinus,PFT_stress,Ast_8,2639.0,Ast_8_I2,6.78,406.0,13.49,7.0
Aster_alpinus,PFT_stress,Ast_8,2639.0,Ast_8_I3,8.59,337.3,15.06,7.6
Aster_alpinus,PFT_stress,Ast_8,2639.0,Ast_8_I4,6.96,369.8,14.21,7.9
Aster_alpinus,PFT_stress,Ast_8,2639.0,Ast_8_I5,7.39,334.3,15.7,7.1
